<?xml version="1.0" encoding="UTF-8"?>
<project-private xmlns="http://www.netbeans.org/ns/project-private/1">
    <editor-bookmarks xmlns="http://www.netbeans.org/ns/editor-bookmarks/2" lastBookmarkId="0"/>
    <open-files xmlns="http://www.netbeans.org/ns/projectui-open-files/2">
        <group>
            <file>file:/H:/ESTUDOS/TEC%20EM%20INFORMATICA%20ETB/TCC/ProjetoVersao02Aula03Professora/src/java/modelo/VendasProdutos.java</file>
            <file>file:/H:/ESTUDOS/TEC%20EM%20INFORMATICA%20ETB/TCC/ProjetoVersao02Aula03Professora/src/java/modelo/Cliente.java</file>
            <file>file:/H:/ESTUDOS/TEC%20EM%20INFORMATICA%20ETB/TCC/ProjetoVersao02Aula03Professora/src/java/modelo/Vendas.java</file>
            <file>file:/H:/ESTUDOS/TEC%20EM%20INFORMATICA%20ETB/TCC/ProjetoVersao02Aula03Professora/src/java/modelo/ProdutoDAO.java</file>
            <file>file:/H:/ESTUDOS/TEC%20EM%20INFORMATICA%20ETB/TCC/ProjetoVersao02Aula03Professora/src/java/modelo/Fornecedores.java</file>
            <file>file:/H:/ESTUDOS/TEC%20EM%20INFORMATICA%20ETB/TCC/ProjetoVersao02Aula03Professora/src/java/controller/GerenciarProduto.java</file>
            <file>file:/H:/ESTUDOS/TEC%20EM%20INFORMATICA%20ETB/TCC/ProjetoVersao02Aula03Professora/src/java/modelo/FornecedorDAO.java</file>
        </group>
    </open-files>
</project-private>
